column_id,column_name,special_topic,monetization_path,source_doc
C01,真相弯道超车,增长神话拆解：从爆款叙事到真实收益,数据审计服务/企业复盘咨询/行业洞察订阅,栏目专题蓝图_v1_商业变现优先_2026-02-11.md
C02,数据有梗局,有梗有料的数据表达：把复杂信息变成可传播资产,品牌定制可视化内容/训练营/表达模板包,栏目专题蓝图_v1_商业变现优先_2026-02-11.md
C03,偏见粉碎机,决策偏见修正：用数据纠正常见商业误判,决策训练营/顾问服务/偏见诊断清单包,栏目专题蓝图_v1_商业变现优先_2026-02-11.md
C04,趋势暗房,中长期趋势显影：提前看见赛道变化,趋势月报订阅/策略会/行业研究报告,栏目专题蓝图_v1_商业变现优先_2026-02-11.md
C05,决策止损线,少亏钱决策系统：增长、投放、定价三大止损,企业内训/决策看板模板/诊断咨询,栏目专题蓝图_v1_商业变现优先_2026-02-11.md
C06,图表炼金室,同源数据多价值：一组数据生产多端内容,内容代运营服务/图表模板库/课程,栏目专题蓝图_v1_商业变现优先_2026-02-11.md
C07,爆款解剖台,爆款可视化工程学：可复制的内容结构,爆款拆解会员/选题共创营/复盘服务,栏目专题蓝图_v1_商业变现优先_2026-02-11.md
C08,信息增量仓,高信息密度内容生产：每篇都有新增知识,深度会员订阅/研究简报/知识库产品,栏目专题蓝图_v1_商业变现优先_2026-02-11.md
C09,叙事折叠术,复杂议题一屏讲清：高压缩叙事能力,汇报代写服务/高管简报模板/沟通训练营,栏目专题蓝图_v1_商业变现优先_2026-02-11.md
C10,模板武器库,模板产品化：把经验封装成可售卖资产,模板商店/会员订阅/企业授权,栏目专题蓝图_v1_商业变现优先_2026-02-11.md
C11,反转证据链,观点反转法：证据链驱动的说服表达,论证模板包/演讲咨询/企业沟通训练,栏目专题蓝图_v1_商业变现优先_2026-02-11.md
C12,变量斗兽场,A/B内容实验：找到最能转化的表达,增长实验代跑/测试看板/优化顾问,栏目专题蓝图_v1_商业变现优先_2026-02-11.md
C13,数据人间观察,人性与数据：高共鸣内容的可视化叙事,IP内容订阅/品牌共创/新媒体课程,栏目专题蓝图_v1_商业变现优先_2026-02-11.md
C14,新闻后半场,热点退潮后的机会：二次解读与行动方案,热点复盘会员/行业快报/策略咨询,栏目专题蓝图_v1_商业变现优先_2026-02-11.md
C15,一图定胜负,关键问题一图决策：从认知到行动,决策图卡产品/企业方案包/训练营,栏目专题蓝图_v1_商业变现优先_2026-02-11.md
