column_id,column_name,special_topic,ad_target_categories,ad_value_proposition,version_note
C01,真相弯道超车,消费决策真相：用户到底为什么买单,消费品牌/电商平台/营销工具,高讨论度的消费决策解析，适合品牌观点植入,仅考虑广告变现潜力（吸引广告主投放）
C02,数据有梗局,有梗有料的品牌观察：年轻人如何被内容种草,快消/美妆/3C/生活方式品牌,轻松有趣，天然适配品牌联合内容,仅考虑广告变现潜力（吸引广告主投放）
C03,偏见粉碎机,买前偏见与买后真相：消费误区大拆解,零售品牌/垂类平台/评测产品,“避坑”心智强，广告主偏好高信任场景,仅考虑广告变现潜力（吸引广告主投放）
C04,趋势暗房,新消费趋势图谱：下一波增长人群在哪里,品牌市场部/代理公司/行业平台,趋势洞察栏目，利于行业广告与赞助合作,仅考虑广告变现潜力（吸引广告主投放）
C05,决策止损线,预算有限也有效：用户增长投放避坑指南,广告平台/投放工具/SaaS服务,面向运营与投放人群，B端广告匹配度高,仅考虑广告变现潜力（吸引广告主投放）
C06,图表炼金室,一组数据做出爆款内容：品牌内容生产方法,品牌内容团队/创意工具/设计平台,方法论可复用，适合工具类广告植入,仅考虑广告变现潜力（吸引广告主投放）
C07,爆款解剖台,品牌爆款内容拆解：从曝光到转化,品牌方/MCN/营销服务商,直接服务广告主关心的投放结果,仅考虑广告变现潜力（吸引广告主投放）
C08,信息增量仓,行业报告读不懂？3分钟提炼可用结论,研究平台/数据服务商/商学院,高信息密度，适合知识型广告合作,仅考虑广告变现潜力（吸引广告主投放）
C09,叙事折叠术,品牌故事可视化：复杂卖点如何一屏讲清,品牌策略公司/咨询公司/设计工具,品牌叙事能力建设，广告主需求明确,仅考虑广告变现潜力（吸引广告主投放）
C10,模板武器库,品牌营销模板库：活动复盘、投放复盘、用户复盘,办公软件/协作平台/效率工具,模板下载天然适合线索型广告变现,仅考虑广告变现潜力（吸引广告主投放）
C11,反转证据链,品牌争议反转：如何用证据重建信任,公关公司/舆情平台/品牌安全产品,危机沟通议题吸引品牌预算,仅考虑广告变现潜力（吸引广告主投放）
C12,变量斗兽场,广告创意A/B实验：什么内容更容易成交,广告平台/创意工具/数据分析工具,实验对比强，适合效果广告主,仅考虑广告变现潜力（吸引广告主投放）
C13,数据人间观察,人群洞察地图：不同圈层如何被打动,品牌策略部/用户研究机构/消费平台,圈层洞察直接服务广告主投放人群策略,仅考虑广告变现潜力（吸引广告主投放）
C14,新闻后半场,热点后的品牌机会：借势与反借势策略,品牌公关/媒体平台/内容平台,热点策略类内容有高广告合作需求,仅考虑广告变现潜力（吸引广告主投放）
C15,一图定胜负,一图读懂一个品类：市场格局与机会窗口,行业品牌/平台招商/投资机构,品类级洞察适合行业赞助与整合营销,仅考虑广告变现潜力（吸引广告主投放）
