column_id,column_name,special_topic,creative_focus,version_note
C01,真相弯道超车,你以为懂的世界，其实一直看反了,"反直觉,讲别人未讲",不考虑商业变现，强调共鸣/创意/新意/趣味
C02,数据有梗局,笑着看懂复杂现实：那些让人会心一笑的数据真相,"有趣味,熟悉又陌生",不考虑商业变现，强调共鸣/创意/新意/趣味
C03,偏见粉碎机,日常判断里的隐形误会：我们为何总把问题看简单,"共鸣,常见但被忽视",不考虑商业变现，强调共鸣/创意/新意/趣味
C04,趋势暗房,慢变化的巨大力量：那些每天都在发生却很少被说清的事,"陌生化,长期观察",不考虑商业变现，强调共鸣/创意/新意/趣味
C05,决策止损线,生活里的小决策，大后果：你每天都在踩的坑,"实用共鸣,忽视角落",不考虑商业变现，强调共鸣/创意/新意/趣味
C06,图表炼金室,同一个事实，为什么有人看见机会，有人只看见噪音,"创意表达,视角切换",不考虑商业变现，强调共鸣/创意/新意/趣味
C07,爆款解剖台,流行内容背后的心理开关：我们为什么忍不住点开,"熟悉机制重构,趣味分析",不考虑商业变现，强调共鸣/创意/新意/趣味
C08,信息增量仓,同一件事的第二层真相：热闹之外还有什么,"讲别人未讲,信息增量",不考虑商业变现，强调共鸣/创意/新意/趣味
C09,叙事折叠术,复杂时代的简明地图：把难题讲成人人能懂的故事,"共鸣叙事,降维表达",不考虑商业变现，强调共鸣/创意/新意/趣味
C10,模板武器库,普通人也能复用的思考框架：把经验变成清晰方法,"可复用,常见问题系统化",不考虑商业变现，强调共鸣/创意/新意/趣味
C11,反转证据链,当结论被反转：一个观点如何在证据中重生,"反转感,证据驱动",不考虑商业变现，强调共鸣/创意/新意/趣味
C12,变量斗兽场,同一个问题的多种答案：哪种更像你的真实处境,"多视角,参与感",不考虑商业变现，强调共鸣/创意/新意/趣味
C13,数据人间观察,冷数字里的热人生：每个趋势背后都是具体的人,"高共鸣,人性视角",不考虑商业变现，强调共鸣/创意/新意/趣味
C14,新闻后半场,热搜散场之后：那些真正改变生活的后续故事,"后续价值,被忽略议题",不考虑商业变现，强调共鸣/创意/新意/趣味
C15,一图定胜负,一张图看透一个问题：从模糊感受到清晰判断,"简洁有力,认知跃迁",不考虑商业变现，强调共鸣/创意/新意/趣味
